ID,predict_prob
8800,0.47662749106404356
8801,0.05438436544777747
8802,0.5871318379441026
8803,0.010296507196366322
8804,0.4564782224357994
8805,0.43994250976114957
8806,0.4150627425794361
8807,0.007525824801621117
8808,0.42400486065295817
8809,0.4615865804278172
8810,0.6375951874416005
8811,0.006506082079154374
8812,0.19417429791138086
8813,0.6300523246806122
8814,0.489480589880365
8815,0.6494975890730532
8816,0.018285607157502715
8817,0.06718387009159366
8818,0.5000104231945047
8819,0.5467564999323824
8820,0.1199018516543191
8821,0.03146604562024524
8822,0.06966031198294764
8823,0.012872301664352603
8824,0.43151438758938887
8825,0.5077316619463996
8826,0.29591398846781913
8827,0.22618931933374964
8828,0.4929047968882221
8829,0.658685448910392
8830,0.5197533807624581
8831,0.006395725611240466
8832,0.3899899969488342
8833,0.46562766657189125
8834,0.6080508889388763
8835,0.6012648616507587
8836,0.13706208549128485
8837,0.3318490837114725
8838,0.6267693437881574
8839,0.4580295752352236
8840,0.07647492748611584
8841,0.6562485855030629
8842,0.005040354332349173
8843,0.0032467620859291113
8844,0.5238091728768144
8845,0.3919351133115201
8846,0.5228983531848227
8847,0.0027437189043916232
8848,0.48586161148530294
8849,0.36332229519150394
8850,0.002821422629855519
8851,0.5184834194838543
8852,0.009780126486795937
8853,0.31604897204252036
8854,0.0033758761134763393
8855,0.49403442768173367
8856,0.5045293660942113
8857,0.5608141193032624
8858,0.6245032414147229
8859,0.5675156034717014
8860,0.5161784335577966
8861,0.009798447847983116
8862,0.6716147087229574
8863,0.3863530098366488
8864,0.605926349483964
8865,0.4626125003726308
8866,0.6191398657518107
8867,0.3891096050525792
8868,0.4598801537628534
8869,0.5345994245481986
8870,0.470953869285738
8871,0.4056126823613416
8872,0.42223850848231437
8873,0.6155270000921294
8874,0.6365904167741747
8875,0.4043505645130159
8876,0.6144276989306021
8877,0.503421785109476
8878,0.7446390066762641
8879,0.03499404259644767
8880,0.31620153542090024
8881,0.7092063478326722
8882,0.6399271269757343
8883,0.5481484993385359
8884,0.5341842067376068
8885,0.6557299215157857
8886,0.486598397839458
8887,0.45165408174126487
8888,0.09116989964030464
8889,0.013240497289743858
8890,0.35061688809457936
8891,0.5829839038646141
8892,0.6122656573630681
8893,0.059811499874653395
8894,0.4858178545272168
8895,0.5317740595355687
8896,0.44298453208162014
8897,0.4775696854877174
8898,0.6661494707682096
8899,0.6551092580256268
8900,0.4706256200949157
8901,0.48487564074243605
8902,0.37352116334456154
8903,0.40942281118844404
8904,0.6409439177407077
8905,0.3608948000990496
8906,0.4399790842357565
8907,0.0012083133924231104
8908,0.3848313197736586
8909,0.0549334472680405
8910,0.44852025998523004
8911,0.5271705861849867
8912,0.4793429783937677
8913,0.22255903649952236
8914,0.025549449086539777
8915,0.0045365157565818715
8916,0.4866749684454368
8917,0.6513957007222386
8918,0.6375203298704035
8919,0.3894048160270369
8920,0.06439630741060898
8921,0.4276019382469358
8922,0.4220373020383611
8923,0.5214223080777809
8924,0.0370374233811156
8925,0.0041941717575750825
8926,0.21264044703081075
8927,0.6089383675472206
8928,0.004677266460061058
8929,0.37776809456138905
8930,0.5028047599519283
8931,0.4134193401021453
8932,0.5420405861436138
8933,0.6497285110656376
8934,0.5905861224300943
8935,0.6912924938930485
8936,0.435073893639891
8937,0.5067466394920874
8938,0.3573058440295742
8939,0.5676614543481586
8940,0.11758987953240829
8941,0.6576408894201398
8942,0.5079189210026432
8943,0.471702540864569
8944,0.5517201582650181
8945,0.6758049371187107
8946,0.4955202417834831
8947,0.45976767293535437
8948,0.001558032651681751
8949,0.5910341501685563
8950,0.6188724044606846
8951,0.0018325952260428435
8952,0.5103547312047696
8953,0.6027393644924335
8954,0.7085557269120017
8955,0.03494963094643544
8956,0.17169520067491217
8957,0.05160296006061771
8958,0.002477669972216323
8959,0.6184390219332829
8960,0.4607911269343259
8961,0.5806853656956
8962,0.5422475794325345
8963,0.5954971893722857
8964,0.6134119577855432
8965,0.6530781190454547
8966,0.0900429861665406
8967,0.6552931503960583
8968,0.4585138198861648
8969,0.573290681214537
8970,0.4854950346290534
8971,0.49040974278457006
8972,0.0028789649620967195
8973,0.7054077425245573
8974,0.3696122836335368
8975,0.047727579765102446
8976,0.622815652762719
8977,0.47995097661981323
8978,0.59361091314988
8979,0.0548501278218535
8980,0.5772143573781362
8981,0.007857624994897838
8982,0.5905475060931595
8983,0.567998765612779
8984,0.5355238124672219
8985,0.4221757326904354
8986,0.37733388262711176
8987,0.5833720600301935
8988,0.7298131339646702
8989,0.39324391431082284
8990,0.49769681802703014
8991,0.6265037055982428
8992,0.17341591475666085
8993,0.391387778611028
8994,0.6397547311820797
8995,0.6266416012566922
8996,0.42829647648512614
8997,0.4402857958969577
8998,0.6888578729466153
8999,0.0023157785179795942
9000,0.41112381958568744
9001,0.569900928864691
9002,0.4751987345726314
9003,0.5855717744091413
9004,0.6492045409038167
9005,0.43128998404484054
9006,0.6382437639221634
9007,0.43901145761711013
9008,0.2143958627542022
9009,0.5979590103616174
9010,0.35350703704769537
9011,0.4510098681328254
9012,0.005905676461119613
9013,0.49482617734788537
9014,0.5434410994672634
9015,0.20701727969371786
9016,0.6964809698889873
9017,0.39768265375244405
9018,0.4330517764166084
9019,0.6589868068268567
9020,0.00952408787359349
9021,0.6814680435685332
9022,0.10848762039068305
9023,0.6315378922843177
9024,0.596053836956608
9025,0.4314865625601513
9026,0.5909490021031755
9027,0.13205585000558795
9028,0.3479023698415624
9029,0.6810093313295225
9030,0.6247132049653206
9031,0.4497213109334063
9032,0.008962447171703247
9033,0.6441630179924702
9034,0.19610780252810234
9035,0.0936169491598684
9036,0.6282854633051881
9037,0.4732435857309578
9038,0.557182825902776
9039,0.5170052439988941
9040,0.13496436947260593
9041,0.44093031568652064
9042,0.4469158878341777
9043,0.5441080920717365
9044,0.5957522624683387
9045,0.02025515781756526
9046,0.27184710188234285
9047,0.3950794282877448
9048,0.0023231962763934355
9049,0.004155251810291638
9050,0.07067473839386695
9051,0.6796511520565822
9052,0.6541469070273711
9053,0.48336563599062643
9054,0.39833294964448496
9055,0.5659955877499967
9056,0.6227650157816937
9057,0.6348382251168758
9058,0.5909590099974229
9059,0.22804841764556505
9060,0.25878146255154066
9061,0.5097063338386083
9062,0.524652027354047
9063,0.5374538990427185
9064,0.4591107850949879
9065,0.32896078534892736
9066,0.42879060729678187
9067,0.47074077259313574
9068,0.0020229794631791975
9069,0.5308483576138036
9070,0.6070357406220377
9071,0.43835456607027135
9072,0.4981203128012085
9073,0.5023661943791488
9074,0.37875142275509266
9075,0.23978450307080246
9076,0.48654202552749093
9077,0.0036946423707026055
9078,0.6495267879841974
9079,0.6592261353334111
9080,0.6125406822302764
9081,0.40811793874261715
9082,0.3980550079664775
9083,0.33380432146753214
9084,0.6187170568800809
9085,0.0015659499291096335
9086,0.05385678687649398
9087,0.547559635196712
9088,0.3977699708144906
9089,0.3459515193079844
9090,0.551501635642146
9091,0.3127667214164882
9092,0.024267625291894857
9093,0.6097826003881577
9094,0.5463475330596023
9095,0.40832465150612907
9096,0.4497901737437041
9097,0.5148840562745954
9098,0.006526767151480262
9099,0.0012239319657761927
9100,0.7268141961062917
9101,0.3776621843921998
9102,0.6177477305252206
9103,0.023476713166041385
9104,0.13220587789690852
9105,0.5008629544264045
9106,0.7307922108681046
9107,0.11957962247379705
9108,0.5020469230015048
9109,0.5017773571640818
9110,0.5070475929450802
9111,0.5110392720546868
9112,0.6107475703903731
9113,0.007966565164084671
9114,0.49024378303649063
9115,0.46889369478586884
9116,0.004881696586928497
9117,0.01169505797493764
9118,0.009791445806758059
9119,0.0031975244786913715
9120,0.4061947756610339
9121,0.5685542669057784
9122,0.47441102613068487
9123,0.5634716085295426
9124,0.2902413541510972
9125,0.5255263395461245
9126,0.5565272499344665
9127,0.6069717737185103
9128,0.6079370512871511
9129,0.40931960129537337
9130,0.05683809826865871
9131,0.45999527140284935
9132,0.43240322433004974
9133,0.4462629514422569
9134,0.6911984764991108
9135,0.5547362575375181
9136,0.005328899038439472
9137,0.7070565577983432
9138,0.49822003860776154
9139,0.5446879982843891
9140,0.34620970821557695
9141,0.6318639638638998
9142,0.37661059227943394
9143,0.1176852580748774
9144,0.6927635167689268
9145,0.519571588659023
9146,0.40576023962277175
9147,0.5086546958348278
9148,0.19864340431640115
9149,0.01663902017532859
9150,0.5554031547296416
9151,0.0969486617037223
9152,0.422137464097492
9153,0.18241466858173516
9154,0.6071525421816033
9155,0.7605005459692233
9156,0.37431056968903587
9157,0.5952375275591162
9158,0.575032382267281
9159,0.5304323060877705
9160,0.6530486773746649
9161,0.488303572203144
9162,0.4887970320386176
9163,0.21535662733566097
9164,0.35351138845266317
9165,0.608340565553517
9166,0.4095029613616148
9167,0.5715848451717013
9168,0.003715690604330746
9169,0.5464737050652855
9170,0.6657874852588176
9171,0.7015247580579308
9172,0.5780529280713416
9173,0.3815109616125354
9174,0.5192363460528486
9175,0.44926608547852787
9176,0.45762441604979764
9177,0.5636754584277096
9178,0.5237097193315929
9179,0.651636765609895
9180,0.5622630317189505
9181,0.02929213924947338
9182,0.47642900354438433
9183,0.5984172566188342
9184,0.08848136699907738
9185,0.5620441040535605
9186,0.3702057186372668
9187,0.5302429022287174
9188,0.6143614503733015
9189,0.5272125264380232
9190,0.5210674953118758
9191,0.07359957882399137
9192,0.6070899333846482
9193,0.019309290491109743
9194,0.4572009917105182
9195,0.5907307960298473
9196,0.5127895933028273
9197,0.5766130587477838
9198,0.5850415372658284
9199,0.3873611638792631
9200,0.5380903344996952
9201,0.7009942080977207
9202,0.028290661774252213
9203,0.5740476037637958
9204,0.001883200161657328
9205,0.5335255481027686
9206,0.6983813469079025
9207,0.03673026783790356
9208,0.27628796463612304
9209,0.5670306200457433
9210,0.009606282856457815
9211,0.6160356125987989
9212,0.6324865835822467
9213,0.3993551864746897
9214,0.3510118085487529
9215,0.7405618772680387
9216,0.5717378139267717
9217,0.4064180393195176
9218,0.4959275417759721
9219,0.0030569573108379933
9220,0.3341382154708997
9221,0.4849676818062979
9222,0.6442819974668998
9223,0.5396909734869982
9224,0.4033187668995136
9225,0.0030618843963071685
9226,0.46293889257860077
9227,0.4691808142762278
9228,0.5745978084136831
9229,0.4462084314993081
9230,0.5239917517021699
9231,0.591667641467816
9232,0.6600568809861831
9233,0.014714409938052397
9234,0.008518282873000271
9235,0.6062941321446995
9236,0.531998014029232
9237,0.5682879713643838
9238,0.44808285219340094
9239,0.41505335208414385
9240,0.4394996243084196
9241,0.20696087268130559
9242,0.6573647849750068
9243,0.6198815930983947
9244,0.41827297817889564
9245,0.012900194570918955
9246,0.5084161407717533
9247,0.5811733617643815
9248,0.6359985613489331
9249,0.5095362303997903
9250,0.33957807775431126
9251,0.5161740855607191
9252,0.5581662364868408
9253,0.38924012522560514
9254,0.4658128870873288
9255,0.04405030407438504
9256,0.4878990596970397
9257,0.46656726097068313
9258,0.12969206555960733
9259,0.6775509814961811
9260,0.5600456220786909
9261,0.5971310029854653
9262,0.5867283108138845
9263,0.7107788602937274
9264,0.6809614722785553
9265,0.4168465768878413
9266,0.5137114258851414
9267,0.5027291729237433
9268,0.46621054487855695
9269,0.5818460966006234
9270,0.4074228687297513
9271,0.5622720494298739
9272,0.45064029454713106
9273,0.6740043140780295
9274,0.013515545972596188
9275,0.71083334698863
9276,0.6263382413203173
9277,0.5626628705113172
9278,0.10377693190336934
9279,0.6160693618468016
9280,0.49453107795995166
9281,0.6874336429219339
9282,0.5178788240659471
9283,0.641347633187857
9284,0.526000240978531
9285,0.47320959070736934
9286,0.6038581545470856
9287,0.5215272265575032
9288,0.6168935735957912
9289,0.00398064321518532
9290,0.5830828509345394
9291,0.43934149927116084
9292,0.3869869326133084
9293,0.5375274779790159
9294,0.6570011345933371
9295,0.6668248436823189
9296,0.6771385117279473
9297,0.6249661245988116
9298,0.5914915019693797
9299,0.0038159227100488247
9300,0.5279722814383836
9301,0.608203123138728
9302,0.059912049060890094
9303,0.6280085061726712
9304,0.3934415070302494
9305,0.4312073489874809
9306,0.5948847183167456
9307,0.3843628281342415
9308,0.6097885232590057
9309,0.6677359120845393
9310,0.5560145737765245
9311,0.40924850495078136
9312,0.024117114807040263
9313,0.5202820910400651
9314,0.026959885655248428
9315,0.643032489979998
9316,0.002474533700268622
9317,0.6120686769853001
9318,0.6469922337973089
9319,0.39937166857696027
9320,0.0024797773424949376
9321,0.40871856903114423
9322,0.5452904447336553
9323,0.5313179506555472
9324,0.0011389779032744407
9325,0.5746650764908386
9326,0.5391308936052663
9327,0.5427283673768427
9328,0.4589308182003371
9329,0.04217375595497341
9330,0.7477374269695083
9331,0.5945346441309152
9332,0.43886393241264554
9333,0.6567008259759207
9334,0.47455683314094466
9335,0.5008122384629974
9336,0.5003315018287728
9337,0.008456673197725584
9338,0.004264903882949089
9339,0.5577969433646743
9340,0.6156495256145074
9341,0.43328585252193264
9342,0.003246986449393807
9343,0.4615760265281327
9344,0.0012642493938420651
9345,0.4068693548349752
9346,0.32820802638365687
9347,0.6307349903593176
9348,0.5134798574903192
9349,0.04420188192357377
9350,0.6292613943492424
9351,0.5943779480978638
9352,0.5594960795885642
9353,0.5650849189749195
9354,0.00380778961238748
9355,0.45896175791618354
9356,0.6201835445049484
9357,0.01252698763405169
9358,0.46314118090092893
9359,0.005445460852827488
9360,0.3208174661274482
9361,0.05323080176945283
9362,0.3705523519831403
9363,0.6155575245384286
9364,0.48415056647977406
9365,0.6052471031389451
9366,0.040439599840829565
9367,0.5886121448776923
9368,0.5200960435507571
9369,0.002627334794585323
9370,0.5843172501912273
9371,0.00574709249777261
9372,0.5967145919336593
9373,0.45827200967849235
9374,0.6058051404470486
9375,0.002272517120557649
9376,0.01113312757023499
9377,0.5195123776284374
9378,0.471217022858047
9379,0.5662204438674472
9380,0.6311547923064341
9381,0.46667494468470005
9382,0.40691041445258325
9383,0.5185782201502379
9384,0.7257209492021046
9385,0.4345806529522068
9386,0.46093433983027554
9387,0.41422636891839126
9388,0.39121387339382285
9389,0.43173491911377315
9390,0.35732066866359746
9391,0.5375668154559365
9392,0.7122387328914717
9393,0.36308672853245816
9394,0.5952450261286117
9395,0.5849968908018546
9396,0.7486109739796138
9397,0.6380138249103692
9398,0.629632612957091
9399,0.20628111681342653
9400,0.34141472995217326
9401,0.6520514239689678
9402,0.08278322364176494
9403,0.5381687570101289
9404,0.48526734552730577
9405,0.5260303720376462
9406,0.0903411689706961
9407,0.5767010361664487
9408,0.3872023797203499
9409,0.329669495441389
9410,0.5194018459302604
9411,0.5357253198085883
9412,0.4941886602404356
9413,0.16144771179877093
9414,0.00944296370747788
9415,0.5068807984359966
9416,0.565087280881519
9417,0.5078122575081989
9418,0.5466365470152101
9419,0.6333893679140051
9420,0.0018531027277716161
9421,0.3306456277018811
9422,0.6792241081378408
9423,0.00606359531306111
9424,0.5111711407272348
9425,0.6742890573007477
9426,0.4564793300209704
9427,0.5696877221291122
9428,0.22636209211901925
9429,0.620599492150973
9430,0.6555530629752372
9431,0.4003960923717319
9432,0.5951705756349939
9433,0.421689116265493
9434,0.0011739225395371866
9435,0.504605492482358
9436,0.591211928066425
9437,0.6102240855293488
9438,0.09581597266165898
9439,0.5134678364391869
9440,0.6175847656860104
9441,0.5163733153697293
9442,0.4199014220913264
9443,0.01783171918056814
9444,0.6335475111526374
9445,0.5264340815114954
9446,0.5034912843490917
9447,0.5253701892724456
9448,0.5080683769360064
9449,0.6202194895606122
9450,0.3729132529139071
9451,0.027824402377615076
9452,0.558314312663416
9453,0.4746471388903063
9454,0.40397910760779143
9455,0.6364112507113269
9456,0.6367982203955169
9457,0.6172888574121841
9458,0.505579581673947
9459,0.46388438020428946
9460,0.6305065948111075
9461,0.5178116454177026
9462,0.7609349688180884
9463,0.4369467736798859
9464,0.5833376869843312
9465,0.5218724533075743
9466,0.36606057772563705
9467,0.01870470524618184
9468,0.02671882851051366
9469,0.4445049412851486
9470,0.5639414015959511
9471,0.8354450144108805
9472,0.008334994964777742
9473,0.018301216643122675
9474,0.46281158399250344
9475,0.5906795275670209
9476,0.5602905364389379
9477,0.005516090542467822
9478,0.5633323354189322
9479,0.7191804855156955
9480,0.4502820195126579
9481,0.001868942109225613
9482,0.573556273507871
9483,0.5912121762067043
9484,0.5517106608339958
9485,0.4414813738620268
9486,0.09661499610842261
9487,0.40861842381361135
9488,0.599176645465499
9489,0.5153923051262492
9490,0.008506906036319872
9491,0.46102487201643205
9492,0.6560021425724325
9493,0.4196137347671073
9494,0.6491560877809013
9495,0.5905208875744942
9496,0.6439397385976999
9497,0.15428124567818757
9498,0.5477776578072977
9499,0.6956976344817016
9500,0.4455248154344933
9501,0.5660734991726404
9502,0.5294819915857615
9503,0.607378609224375
9504,0.5925042039780778
9505,0.46387836224519086
9506,0.06701833053188966
9507,0.3318365422039712
9508,0.43406498127244275
9509,0.7170672732829094
9510,0.6289051869686721
9511,0.006555406149905574
9512,0.6268663920692918
9513,0.5739532631761393
9514,0.5802872971379204
9515,0.5343303120780949
9516,0.598613517052285
9517,0.5192369601915047
9518,0.43724443470528274
9519,0.4319448357718543
9520,0.6306421567992686
9521,0.4686977916899113
9522,0.2710315993206649
9523,0.3640675392877897
9524,0.5779360538394037
9525,0.5570396624704353
9526,0.3740816255605057
9527,0.6104204375178618
9528,0.10587729239314692
9529,0.4226493665313953
9530,0.6529560512238775
9531,0.45859840388472994
9532,0.47059231411356717
9533,0.0013786200931303894
9534,0.43943214901627536
9535,0.35571055981069755
9536,0.46399989679737186
9537,0.5613347929869636
9538,0.3935196167996927
9539,0.40648948454213996
9540,0.3389697849618857
9541,0.6167406838937528
9542,0.554576644974802
9543,0.5159524214462585
9544,0.5665691780061204
9545,0.31183356154599384
9546,0.012429989302038646
9547,0.056743753809608166
9548,0.001307489584111865
9549,0.0014108526716754
9550,0.003228630359092044
9551,0.018225176542773003
9552,0.012689144133545827
9553,0.4442731469630087
9554,0.5425332613138035
9555,0.5994695288979197
9556,0.5664672134615998
9557,0.40630398616917773
9558,0.22847010458409267
9559,0.006768691106704194
9560,0.5502748875079233
9561,0.31935136154238863
9562,0.004429441647130883
9563,0.004616050815382966
9564,0.6186022707505457
9565,0.5232215960185774
9566,0.5916262578038636
9567,0.010144927202790033
9568,0.46304121490264283
9569,0.2166127683479997
9570,0.4594903808373535
9571,0.5997287169883543
9572,0.008575107978310847
9573,0.5031813435996013
9574,0.6103937181661687
9575,0.3740373091302598
9576,0.6699065083055334
9577,0.4468352432088232
9578,0.7236026289549037
9579,0.49516878974890677
9580,0.45237800988655974
9581,0.12212741778469804
9582,0.4159396167987134
9583,0.5913938542208605
9584,0.3270955117289944
9585,0.7457891511086177
9586,0.5488633500030178
9587,0.49691756982396085
9588,0.6528331704134185
9589,0.48297716293744297
9590,0.003740150968431055
9591,0.5422649569869223
9592,0.25167038076735193
9593,0.5960790564430993
9594,0.4557070624843892
9595,0.11428170192416176
9596,0.06019904794777986
9597,0.15507393723755003
9598,0.3542798601312134
9599,0.026991564615384656
9600,0.43129966635615424
9601,0.5165506527294706
9602,0.5874121177585869
9603,0.7468851679515438
9604,0.4624197130695322
9605,0.5770442986023984
9606,0.44328965503347273
9607,0.6605867060462037
9608,0.03769511464820752
9609,0.01307445553885167
9610,0.5368715200828708
9611,0.49848899167453686
9612,0.5737680574877064
9613,0.5434386344228279
9614,0.46918847601534197
9615,0.5345087086574933
9616,0.48227039329361776
9617,0.04368838356029581
9618,0.09306194070212848
9619,0.03990017003575952
9620,0.0047206158169790235
9621,0.03998782703057113
9622,0.3507948163653025
9623,0.5997450741835606
9624,0.19840839667956478
9625,0.040370167561098125
9626,0.3960171115978124
9627,0.45835297677065745
9628,0.7393717181686021
9629,0.501745977340441
9630,0.4642220589666216
9631,0.26318411445074175
9632,0.002444469326424392
9633,0.5173057764471976
9634,0.627191493319399
9635,0.2837012816966846
9636,0.0947648065331329
9637,0.4087156621135971
9638,0.21541763886284238
9639,0.36685177599170815
9640,0.4168901761940834
9641,0.39025847950831827
9642,0.6663665627637152
9643,0.48040663071856804
9644,0.0028091911564276373
9645,0.06596910544829293
9646,0.3159397658679134
9647,0.026287257905650452
9648,0.45547349625402334
9649,0.030078342763871446
9650,0.21005007629900696
9651,0.6193052137598059
9652,0.049292914536236965
9653,0.003237043509095927
9654,0.03683284135739617
9655,0.4466553353746472
9656,0.4965454680153043
9657,0.003469287939135701
9658,0.006880820284316025
9659,0.2645828255669527
9660,0.46822799808796023
9661,0.3561806660148831
9662,0.6669684858817877
9663,0.2570237508557468
9664,0.7213338943551362
9665,0.12543547923165044
9666,0.63263733636962
9667,0.6888469741895702
9668,0.011165416234683256
9669,0.5804120818000467
9670,0.5657020894930807
9671,0.4925235130356411
9672,0.3721671714550152
9673,0.6662757102982797
9674,0.012828284071951024
9675,0.00849196884546688
9676,0.09801975680055364
9677,0.41897387323628765
9678,0.5553952283382408
9679,0.5146790895022444
9680,0.3003723209075698
9681,0.5339035082820737
9682,0.5452032048984068
9683,0.5878987372273361
9684,0.38634156444674395
9685,0.375078235125326
9686,0.002234217124982618
9687,0.6877440432889212
9688,0.32480525714172526
9689,0.4247582536017732
9690,0.46332842409935826
9691,0.4240322320862179
9692,0.6325321997023764
9693,0.5614722919524624
9694,0.37286581240353167
9695,0.4909908003426683
9696,0.33988904001340214
9697,0.007183772302552738
9698,0.4986225216674649
9699,0.03450255320604145
9700,0.6657889859571322
9701,0.002964041652572025
9702,0.5385320250120388
9703,0.03114877133713212
9704,0.4830879241518028
9705,0.032087591677543714
9706,0.7120284891546539
9707,0.5815921022365437
9708,0.018576448490873254
9709,0.6596864803257345
9710,0.675870149214556
9711,0.4003720486654101
9712,0.6571599068825692
9713,0.4466816701805485
9714,0.7216251762748873
9715,0.048306395080285225
9716,0.6209662923772761
9717,0.4788995631455123
9718,0.47244573854470384
9719,0.49179736748053615
9720,0.5746927543361707
9721,0.5795366957086937
9722,0.21939103092716827
9723,0.3687839720339182
9724,0.7110352478224637
9725,0.44724996902266867
9726,0.014447947585039755
9727,0.4006130841963591
9728,0.5493615534887921
9729,0.5030093445744123
9730,0.5430011022046723
9731,0.36819281416379657
9732,0.4742180252000272
9733,0.4575962389455167
9734,0.47531857576697045
9735,0.666445813130434
9736,0.552738360247345
9737,0.5154747473175486
9738,0.7296635819431123
9739,0.48274187364677257
9740,0.3823973646660569
9741,0.7394027745890117
9742,0.6288019946494197
9743,0.3385190215716679
9744,0.374131118476123
9745,0.1569897742877494
9746,0.03807716407039974
9747,0.4307648229304468
9748,0.5188687141567851
9749,0.09536198113819516
9750,0.4933254813277933
9751,0.6691391549343999
9752,0.052737936000280095
9753,0.22698746517255508
9754,0.30510416318498645
9755,0.5366949459268595
9756,0.6598980775197036
9757,0.6133129407384739
9758,0.6016475652485216
9759,0.3540842987599967
9760,0.630115131258407
9761,0.318668043310845
9762,0.49341412507269566
9763,0.6956275673650074
9764,0.3308159077082794
9765,0.09267958811914923
9766,0.41469420835973003
9767,0.45137860439779687
9768,0.36413738803100704
9769,0.4804039350247128
9770,0.5421466770482563
9771,0.5110879347880384
9772,0.623101035068709
9773,0.6275308943220415
9774,0.5577159206518771
9775,0.5358222051184738
9776,0.46673602479039844
9777,0.4436376941260214
9778,0.49309599878154875
9779,0.6347134579542473
9780,0.06730154963036328
9781,0.4591906859501256
9782,0.5290633070367146
9783,0.596387746756305
9784,0.0033006929064888224
9785,0.4436250721264682
9786,0.1701732255507009
9787,0.6030244258514057
9788,0.0012096512629482525
9789,0.6863611924622494
9790,0.09509871151504001
9791,0.415618101818357
9792,0.45059598723950023
9793,0.40134192052736206
9794,0.475531053430966
9795,0.6147905490480365
9796,0.5280271111408604
9797,0.6210046735190637
9798,0.5569935727909323
9799,0.49148996458663285
9800,0.4940112725792133
9801,0.5320571814502377
9802,0.4634889535441987
9803,0.5080078691291907
9804,0.6961187845222925
9805,0.625410033621213
9806,0.4997081462137507
9807,0.4317820067235232
9808,0.42920047751454093
9809,0.006794149628504331
9810,0.5460295311779391
9811,0.54275081475519
9812,0.4100726220006726
9813,0.6133351810792405
9814,0.3968330942931124
9815,0.5194395009718737
9816,0.4085692811996343
9817,0.46590440352888285
9818,0.4631793599869578
9819,0.5650460411753668
9820,0.6137527474333383
9821,0.1255979102121313
9822,0.35245983149754645
9823,0.5320954534844704
9824,0.035831555174414276
9825,0.5039432054909336
9826,0.273426206209874
9827,0.002678845476313696
9828,0.4775217165216381
9829,0.40192688197629156
9830,0.0028676119275317102
9831,0.4747498122336815
9832,0.517163938279585
9833,0.038367690099113116
9834,0.07858975672552415
9835,0.47590595470539676
9836,0.48801876865988547
9837,0.5751131333342557
9838,0.3519603141929767
9839,0.5343907021753427
9840,0.1705151708129179
9841,0.5324383441935743
9842,0.5522047025791534
9843,0.5681638499910542
9844,0.4720796957123192
9845,0.451156819923081
9846,0.6797314402015778
9847,0.5184422585787625
9848,0.4118509963292861
9849,0.15236817025977767
9850,0.43225811068468645
9851,0.6271610237832073
9852,0.6726325731978902
9853,0.0031314549079186627
9854,0.37982483781950616
9855,0.004454709255212519
9856,0.5046441412744941
9857,0.5968768828064164
9858,0.3301595563868388
9859,0.21177481442198687
9860,0.006045220222159919
9861,0.6699287670253213
9862,0.6045846887627453
9863,0.6110099300039638
9864,0.6239308637357436
9865,0.5280600779975553
9866,0.4961546009664184
9867,0.6203685531036784
9868,0.0015486794522109326
9869,0.528161958322955
9870,0.5810567057755587
9871,0.003507033567730522
9872,0.6266942705821031
9873,0.48793760248467377
9874,0.5694255427921324
9875,0.6264115968215282
9876,0.1980408420648847
9877,0.44841184035080095
9878,0.5037723028480219
9879,0.4688829120117669
9880,0.1653343448543415
9881,0.10271287240067872
9882,0.06758298063265755
9883,0.46627532151992646
9884,0.07652224912619177
9885,0.4388492823074771
9886,0.3875423130289495
9887,0.6375393891380201
9888,0.0016312835762045674
9889,0.5310408889322437
9890,0.6564674098302221
9891,0.46698238216919774
9892,0.42924953465442994
9893,0.45700895082228177
9894,0.42119993728118965
9895,0.4226020079620867
9896,0.05169824040695714
9897,0.006989371072478212
9898,0.2510397096610283
9899,0.0339261759633388
9900,0.6013417696885204
9901,0.5706572357078818
9902,0.012135535626090155
9903,0.6216918401353448
9904,0.5942822407032766
9905,0.35480480987717367
9906,0.48498237690424917
9907,0.5697971449512262
9908,0.03154982866520395
9909,0.5496809631762487
9910,0.5123863584029187
9911,0.4848584349814101
9912,0.5515976827779077
9913,0.3502876576034749
9914,0.5765949478614398
9915,0.5603576905639667
9916,0.526348395764731
9917,0.45131200236240654
9918,0.5933982519254958
9919,0.594212588311961
9920,0.48975517375090416
9921,0.48375521333869576
9922,0.06106327567670666
9923,0.511293805587887
9924,0.5771112231552898
9925,0.002786174524982532
9926,0.5899514563465189
9927,0.4967654937646999
9928,0.5729731157751184
9929,0.5084292724917072
9930,0.4849185868964546
9931,0.6646675179595876
9932,0.5987895857480867
9933,0.001693627524363528
9934,0.529300089005274
9935,0.5587076138879437
9936,0.4705261298878677
9937,0.3714905555113498
9938,0.38283237658113634
9939,0.39020850499978366
9940,0.506890839352744
9941,0.6232165193989302
9942,0.5030580924856398
9943,0.5575494239194871
9944,0.5622921165574846
9945,0.17664102822835914
9946,0.3731210773291519
9947,0.5956356570336161
9948,0.00683039118649742
9949,0.6674286200300832
9950,0.4644739165653514
9951,0.7048188968722555
9952,0.5207982082002158
9953,0.512122228400363
9954,0.12413574277854544
9955,0.026100148471399742
9956,0.5802342664425928
9957,0.3301716915805414
9958,0.4376999225774807
9959,0.5659060144807906
9960,0.5616143573883461
9961,0.467116567253403
9962,0.42227208260533844
9963,0.4432762190686119
9964,0.16759845936662687
9965,0.5524795157606824
9966,0.45723264537901764
9967,0.6109347501691877
9968,0.49919110157892954
9969,0.20625374357768245
9970,0.5205104583911364
9971,0.5263990900772304
9972,0.39136770582955693
9973,0.012684556269628167
9974,0.7275632615192745
9975,0.4585176163032971
9976,0.5162988797226766
9977,0.6864954049382427
9978,0.5397907596859389
9979,0.11011598130478428
9980,0.42171453871433573
9981,0.564002904482524
9982,0.013872402341352896
9983,0.517382162579526
9984,0.009046554107193239
9985,0.001590954919970522
9986,0.5693667430792676
9987,0.41495514795731225
9988,0.8125759318238497
9989,0.6833736494837855
9990,0.4710889564175089
9991,0.4968301012602053
9992,0.4309266882507682
9993,0.340479374107583
9994,0.6704402034766308
9995,0.5947347334506872
9996,0.5293323600811524
9997,0.5285515956668132
9998,0.5414030813073392
9999,0.41067276858961976
10000,0.3758749685114774
10001,0.13229249729908255
10002,0.6378988885755628
10003,0.6042634047092006
10004,0.5735789553046732
10005,0.09073611120111114
10006,0.4647693818617854
10007,0.326631578517275
10008,0.6195859651444973
10009,0.5758731500367513
10010,0.4422266617404801
10011,0.30889616686377663
10012,0.6521712629598209
10013,0.6381159509761685
10014,0.011651160107075786
10015,0.013527595713507812
10016,0.6079658800456658
10017,0.4017705264757553
10018,0.07669643080582178
10019,0.48974488429488383
10020,0.5753767036233218
10021,0.5200972038585548
10022,0.641695097308815
10023,0.5900883239995145
10024,0.5772169327611345
10025,0.6079797564676142
10026,0.4794498838720438
10027,0.31625218152731416
10028,0.5716313351410423
10029,0.4097580295159571
10030,0.29588615871799406
10031,0.031770532095124704
10032,0.5136140262575503
10033,0.015689645325967172
10034,0.30505057069584374
10035,0.5721970712648675
10036,0.3358407738215151
10037,0.1981625034660338
10038,0.4728397716787587
10039,0.007202498124665002
10040,0.6035874133022092
10041,0.004553021356678566
10042,0.5580710836933513
10043,0.5507577744471699
10044,0.0023911635689525257
10045,0.4215871707377018
10046,0.6116415177397907
10047,0.5671120453066153
10048,0.22781552615812362
10049,0.6886274027092447
10050,0.005975923563169228
10051,0.017029133793131757
10052,0.5587844623569409
10053,0.08685656834672961
10054,0.49930522635285257
10055,0.5588313106460077
10056,0.4161460346426231
10057,0.7755649000993112
10058,0.5021851006648064
10059,0.5505680553972232
10060,0.5100471792910553
10061,0.5521630937870091
10062,0.5252770503093371
10063,0.33671726345416675
10064,0.7124037950251461
10065,0.42947191873203583
10066,0.5444536722454065
10067,0.4949169143944765
10068,0.7094974658226013
10069,0.48181978692165794
10070,0.434749018589106
10071,0.7105202036101546
10072,0.4415685529354848
10073,0.5920293309041991
10074,0.5476411168181767
10075,0.7314513873925104
10076,0.44694058145009286
10077,0.3688740421230724
10078,0.3347783387157064
10079,0.5259474564708018
10080,0.4387506175820933
10081,0.41791243530843825
10082,0.6101067779894096
10083,0.0023752815519286763
10084,0.5494721728534432
10085,0.329786964460574
10086,0.49030030222718546
10087,0.4964929604420467
10088,0.0026359037381468164
10089,0.22099655369889704
10090,0.6335800626513897
10091,0.48875385481262845
10092,0.5251456638491958
10093,0.0028998674301365934
10094,0.49488276398678355
10095,0.004695737394149302
10096,0.5694001094340443
10097,0.08857229630476293
10098,0.5625267492581443
10099,0.5512084078373378
10100,0.4574954211748209
10101,0.30508785689339213
10102,0.3608504633121311
10103,0.001570738781020764
10104,0.5422447639703032
10105,0.6082332015700522
10106,0.5411676372042553
10107,0.5444419657742607
10108,0.020331005280025183
10109,0.26591219812990285
10110,0.695941349703523
10111,0.34074577916581716
10112,0.6138547694453013
10113,0.4458314939582766
10114,0.39231392625387895
10115,0.5494571532078516
10116,0.5161144478189199
10117,0.0022947698905024794
10118,0.43471848676131
10119,0.6249115729899819
10120,0.3475170439392169
10121,0.6251389485735599
10122,0.46873611129676074
10123,0.013398288401740066
10124,0.0398366637111538
10125,0.5948751648365384
10126,0.4903937962398206
10127,0.37975635724334555
10128,0.46412653591484454
10129,0.553772001717749
10130,0.4992199659885581
10131,0.5962407200217714
10132,0.023379632191552036
10133,0.0013371424743725546
10134,0.45198155006967833
10135,0.2000797672048542
10136,0.3670116975078008
10137,0.0016639930537223346
10138,0.6141687977680119
10139,0.45809070462103374
10140,0.6664063798433929
10141,0.4370120772215714
10142,0.5660722569998801
10143,0.002488627526548215
10144,0.5245405138176689
10145,0.2905419455102096
10146,0.4076578403197588
10147,0.10786126198870116
10148,0.6905545584193098
10149,0.45249617350866345
10150,0.5215758643055514
10151,0.03150621098068285
10152,0.0031043889075549336
10153,0.6581539840383817
10154,0.004911300864386181
10155,0.4967065624880457
10156,0.5947529868500254
10157,0.5987795154577726
10158,0.003618988582747007
10159,0.05398201352572596
10160,0.03629561651027502
10161,0.5432972999769086
10162,0.669602848865791
10163,0.3900919005764958
10164,0.36968340548393996
10165,0.47258506264292066
10166,0.008424175617084195
10167,0.6919939512491509
10168,0.456730120534363
10169,0.5532827024910978
10170,0.04159977012510896
10171,0.6295398790513183
10172,0.6666373554905853
10173,0.022587340853165272
10174,0.5385779163382545
10175,0.01907140587302314
10176,0.515498465685764
10177,0.4816167360122312
10178,0.5809557149742721
10179,0.4377735204117196
10180,0.646342406574427
10181,0.3678271472992676
10182,0.07839537523419382
10183,0.49556480221659305
10184,0.4348849966460022
10185,0.2907053388691
10186,0.6484835133128739
10187,0.16114151018009115
10188,0.008780038982148963
10189,0.4072155487918102
10190,0.40471511037300756
10191,0.6617390281944266
10192,0.4668906371841268
10193,0.18811518510711578
10194,0.3857362750089347
10195,0.05750677867170517
10196,0.6216534205434676
10197,0.5631249353327096
10198,0.0037191630335743353
10199,0.5964995947645718
10200,0.3171135283838
10201,0.6472489596344082
10202,0.0035764634059218814
10203,0.3329043142039826
10204,0.0023968083832430764
10205,0.013378641335489161
10206,0.33808612542796446
10207,0.4993614970540802
10208,0.46234501468351696
10209,0.6353317140071179
10210,0.2984858247654475
10211,0.529859246829016
10212,0.3750277612066252
10213,0.4304575539425053
10214,0.5480254047759281
10215,0.567025099276818
10216,0.004446237645941764
10217,0.48392950043116956
10218,0.13537703545901258
10219,0.5449513399696082
10220,0.638662609289434
10221,0.5437684078187308
10222,0.507574002044039
10223,0.5260640197509528
10224,0.655235997266632
10225,0.0030225537562188487
10226,0.4257989154429491
10227,0.4578856904968809
10228,0.26003059712957166
10229,0.5382503652125845
10230,0.4643050377442922
10231,0.6318332814491918
10232,0.5455382192338745
10233,0.09034690981442839
10234,0.5622295269388156
10235,0.3721871911584006
10236,0.3453992350831766
10237,0.008979878649269413
10238,0.5308331443983807
10239,0.5909884421333426
10240,0.5446866815691526
10241,0.5788669892687599
10242,0.6179587894550451
10243,0.09813374853280543
10244,0.6199400860807166
10245,0.6076438511186898
10246,0.00875636371509314
10247,0.06409662102865088
10248,0.5273034226953917
10249,0.6082743011884026
10250,0.4956521833501937
10251,0.6374668833863573
10252,0.44875390099522017
10253,0.5836381186029915
10254,0.6361570326312598
10255,0.011979808407008075
10256,0.534746707914173
10257,0.3857683064534142
10258,0.5622338282137092
10259,0.5647997568606912
10260,0.41763548802951445
10261,0.5983998394690202
10262,0.003207668130541963
10263,0.14992774474260573
10264,0.06583889627010187
10265,0.5182009548646938
10266,0.6476277832835758
10267,0.5176000974139472
10268,0.45489422440954097
10269,0.6352501498163643
10270,0.35654547663233294
10271,0.5241182766815189
10272,0.4588018183938223
10273,0.5459758165035153
10274,0.553576880249919
10275,0.4582170162879984
10276,0.34523412618686566
10277,0.366009680329207
10278,0.4542317639918654
10279,0.6140136727532064
10280,0.6000592037514192
10281,0.3276318165141313
10282,0.5190155626827493
10283,0.586954668927987
10284,0.5683230161264312
10285,0.5517235550089648
10286,0.10220447064885962
10287,0.45662664282466703
10288,0.12592264138508968
10289,0.37316106054215525
10290,0.566297709303065
10291,0.47415228633540785
10292,0.3260897864509211
10293,0.49523102654556717
10294,0.30012814293824974
10295,0.4776762393830225
10296,0.46219141722678914
10297,0.48959006160298435
10298,0.3540433243650758
10299,0.6030834969622926
10300,0.4787610995294225
10301,0.18562513110873147
10302,0.0066788947788363195
10303,0.7069154443465249
10304,0.45235820512985014
10305,0.06562263520345057
10306,0.0020156597532118292
10307,0.4504994852358495
10308,0.529593716464867
10309,0.014769911956450388
10310,0.007927437376634372
10311,0.014535266916755663
10312,0.0025226854098876483
10313,0.5462658944092436
10314,0.3619541811006999
10315,0.411179938911732
10316,0.01924047822873176
10317,0.6092459698892458
10318,0.5986056160914943
10319,0.6121083709343457
10320,0.02389885851841489
10321,0.43999636711282275
10322,0.5528492336772564
10323,0.161522591018178
10324,0.50521659815875
10325,0.009029037717331656
10326,0.38541715631018114
10327,0.001418600635542444
10328,0.012374414599247152
10329,0.5167479963948617
10330,0.6085587752542316
10331,0.5901513750149574
10332,0.004008661680951153
10333,0.3778431593046232
10334,0.576321945281581
10335,0.29287603577634325
10336,0.006074783713581722
10337,0.7016664394782015
10338,0.0050689989397409985
10339,0.6380841145133989
10340,0.4343340453767893
10341,0.027893470875102078
10342,0.5616647629682074
10343,0.0054775585964303986
10344,0.5090422829475927
10345,0.6932395641745082
10346,0.54419922733527
10347,0.6555515231734798
10348,0.5330436930981008
10349,0.4846762103888477
10350,0.3922232406980518
10351,0.5452271757594627
10352,0.5412735237457964
10353,0.40365505900727494
10354,0.0308569383924161
10355,0.0013130744388901716
10356,0.09797233277535644
10357,0.6046480836264803
10358,0.5543228389752026
10359,0.5229009663298215
10360,0.5027077027543487
10361,0.006889693361370908
10362,0.35186487250065124
10363,0.020465324756016257
10364,0.5721852384531585
10365,0.06613910263173783
10366,0.07884820414912297
10367,0.014135580262488512
10368,0.010823923452250583
10369,0.4696061974289498
10370,0.3932290583485938
10371,0.3595130585336601
10372,0.35015535578889245
10373,0.075407414132034
10374,0.399513780840977
10375,0.3718050843375228
10376,0.06584723649967528
10377,0.01381022862108272
10378,0.6519595458561015
10379,0.4414446800259536
10380,0.33622207005730553
10381,0.535926588065039
10382,0.5172977947391078
10383,0.6882953257167295
10384,0.10109317760632253
10385,0.5381181447989647
10386,0.566449188082095
10387,0.570563359708125
10388,0.7511439615723787
10389,0.7100806102760737
10390,0.5322681133344109
10391,0.011847743335924088
10392,0.46971890527866256
10393,0.4942155973468788
10394,0.5347602583562625
10395,0.26369969245745783
10396,0.643991262764829
10397,0.40440780496821793
10398,0.47158045741122456
10399,0.18664296149880344
10400,0.42442017752129146
10401,0.45880352316738116
10402,0.07703627951535574
10403,0.4956245044348139
10404,0.3639439365242052
10405,0.3233094626393752
10406,0.0025477713445016814
10407,0.5543188732647324
10408,0.1289853766736847
10409,0.5574920853001091
10410,0.08428338490504172
10411,0.39938162071018213
10412,0.48798879602652456
10413,0.32625180079687466
10414,0.404902185886554
10415,0.5312513136209351
10416,0.6337569034616815
10417,0.35127581095885074
10418,0.6218507992226554
10419,0.4897525588876236
10420,0.5197666354361741
10421,0.5747855874399712
10422,0.48239952063879443
10423,0.5459564863697772
10424,0.0018119572234210901
10425,0.1448632469809522
10426,0.555373945593648
10427,0.4710507626068843
10428,0.43571036786754747
10429,0.5175364655194047
10430,0.002807737535912791
10431,0.4845700379935959
10432,0.5450490491238381
10433,0.5425475410301686
10434,0.008624730544630532
10435,0.6057671313220101
10436,0.005550356706379489
10437,0.48234345644212406
10438,0.591610987760147
10439,0.5322935909236494
10440,0.6700447125989943
10441,0.026844155614044518
10442,0.49147667077735346
10443,0.46175558028579855
10444,0.5839710721938522
10445,0.5635960541592959
10446,0.3867520542873639
10447,0.5637500477813857
10448,0.4611271956686399
10449,0.009940246293397736
10450,0.34228864961796024
10451,0.2121284715638876
10452,0.48921976763827757
10453,0.3050430054107647
10454,0.39852480120739686
10455,0.6996772421734545
10456,0.5624048095648224
10457,0.12132385854658967
10458,0.5694327183158601
10459,0.5521710933174544
10460,0.6832518949673696
10461,0.5173581110107335
10462,0.4586922063132184
10463,0.43572634767886687
10464,0.5857160492676331
10465,0.3800918904737305
10466,0.5511541124255988
10467,0.5002797754753039
10468,0.48037024989570865
10469,0.5834808980780717
10470,0.7251750750225496
10471,0.5591552276430602
10472,0.5797518892916625
10473,0.5112770805133965
10474,0.6618761225362777
10475,0.5328513990665538
10476,0.5373433727192085
10477,0.6106978990333354
10478,0.48723745587663003
10479,0.14429882111898962
10480,0.6797255334147854
10481,0.38269822521473884
10482,0.364192214171457
10483,0.42887672170563407
10484,0.5442676803271509
10485,0.03347223984776282
10486,0.2948901403967008
10487,0.43696780425904247
10488,0.0784233675866931
10489,0.5114881637334754
10490,0.6368992549594564
10491,0.4664620102480853
10492,0.5143441400331399
10493,0.5178542403282711
10494,0.36454448464171496
10495,0.5633597220137525
10496,0.003831381429874936
10497,0.44144277417454014
10498,0.06813486324980256
10499,0.11709342937243528
10500,0.7093629907330243
10501,0.00867143067123044
10502,0.5171840165007042
10503,0.4493715509223164
10504,0.5137520191030297
10505,0.540529697188339
10506,0.3487991553436094
10507,0.6245927696311496
10508,0.5694316215374546
10509,0.5567381988453466
10510,0.3730521906761214
10511,0.6434368886068598
10512,0.576835624649604
10513,0.4677499900722244
10514,0.4352256410497837
10515,0.4203968972863137
10516,0.4234634871112867
10517,0.4261179930685375
10518,0.5333303170142232
10519,0.006964538302673184
10520,0.3553096006607027
10521,0.48978844311586545
10522,0.49177743246287176
10523,0.5503431568708654
10524,0.624371616499214
10525,0.5821891366326375
10526,0.12544563681489862
10527,0.5475433133772685
10528,0.5601380241548928
10529,0.1551733280202806
10530,0.5493595270129863
10531,0.7172350065944262
10532,0.6143269830290402
10533,0.0014884531174018667
10534,0.4942336136848311
10535,0.322568983750108
10536,0.5680183923451068
10537,0.6399737379262251
10538,0.013906918249131484
10539,0.5303311627669903
10540,0.547513784022265
10541,0.363086869700301
10542,0.578424655509735
10543,0.5942784448655466
10544,0.4912795969027258
10545,0.00583244857926124
10546,0.6104589650252596
10547,0.45561561322246735
10548,0.03558472232078502
10549,0.6134322098727581
10550,0.6847005111269697
10551,0.503622093477903
10552,0.5255251477390706
10553,0.5437198979617777
10554,0.6256913311887901
10555,0.041429014959683985
10556,0.5226305953715467
10557,0.621744060232355
10558,0.3568822375880648
10559,0.04185511354742022
10560,0.39469726946818384
10561,0.534179248441061
10562,0.15648966289646304
10563,0.3852355130147027
10564,0.46758322667013064
10565,0.7218565146205356
10566,0.4614532687325159
10567,0.38695510536923583
10568,0.5271995769663957
10569,0.6498427628188577
10570,0.39208492504677006
10571,0.12954169397445348
10572,0.42265562365276077
10573,0.16204654422054177
10574,0.4482022336989986
10575,0.5373359651136145
10576,0.00259924915878329
10577,0.04170045725505078
10578,0.36388406731170864
10579,0.5394786831133279
10580,0.33386127473761984
10581,0.49961052613825574
10582,0.002524492078270879
10583,0.552800498645989
10584,0.5553063387811206
10585,0.4807541507681291
10586,0.6094899124442689
10587,0.6310829331846406
10588,0.5098006988553673
10589,0.004006582438041084
10590,0.31473167678757963
10591,0.002873078493049741
10592,0.0014149376308689732
10593,0.38180515220804656
10594,0.4863864190128022
10595,0.5528732185861291
10596,0.5879875200136743
10597,0.6782887181810693
10598,0.6106594864613407
10599,0.5101160871523662
10600,0.6422520478664395
10601,0.5229211415354769
10602,0.4841287775485764
10603,0.5490961660053459
10604,0.5562317792361771
10605,0.5732760949204965
10606,0.3604266473323041
10607,0.33051275214937137
10608,0.0019171272960536445
10609,0.27203783023506756
10610,0.35915911534170397
10611,0.6729993964346237
10612,0.0019480910402428497
10613,0.47427878608930674
10614,0.44766495005330664
10615,0.02992336267968687
10616,0.6881093381092392
10617,0.24086569945659508
10618,0.5882225020444916
10619,0.0023464160724424588
10620,0.6196843074672616
10621,0.056165593017230675
10622,0.47251675929626635
10623,0.6170747832418504
10624,0.4499454085458926
10625,0.6977250720256039
10626,0.40554513318012875
10627,0.426604041803923
10628,0.42473574315604057
10629,0.10680378383107803
10630,0.589771774527171
10631,0.7444733741359936
10632,0.47942539269828455
10633,0.4580093242325807
10634,0.5256759890286498
10635,0.4241348983282146
10636,0.5632558302948838
10637,0.5389087694628654
10638,0.36292541835508474
10639,0.2787080831883084
10640,0.49043092474900807
10641,0.5058707643872793
10642,0.4917078499334584
10643,0.3828648658748247
10644,0.0057718547684079136
10645,0.5094933458618015
10646,0.4077142928863261
10647,0.4807981345818382
10648,0.3073776803328594
10649,0.06246290965843615
10650,0.5076372463445576
10651,0.3235943458452535
10652,0.5928694464930062
10653,0.610504119185559
10654,0.6379622585222118
10655,0.5618404250609063
10656,0.022901165692772008
10657,0.003931759094318643
10658,0.510322985004517
10659,0.43778260774888444
10660,0.4723014698663328
10661,0.44705487830083046
10662,0.5617488444847902
10663,0.013921912858128493
10664,0.6002763317573676
10665,0.5268677391796943
10666,0.6642907936753306
10667,0.6354067506643986
10668,0.5596492341761833
10669,0.4037259731035415
10670,0.5177632713178735
10671,0.5757786432862103
10672,0.5366284988190564
10673,0.45960726957269116
10674,0.08733678183346749
10675,0.4376584947514449
10676,0.4976034265728235
10677,0.679423103012393
10678,0.5275577096454066
10679,0.4244077282509173
10680,0.4708917914461559
10681,0.21152054709571955
10682,0.590814008467786
10683,0.5059308654691183
10684,0.5363236478321562
10685,0.4311692189729043
10686,0.5391667957597351
10687,0.007953668899316035
10688,0.4378686629208409
10689,0.6568022249426879
10690,0.05179719652734083
10691,0.4007154537018024
10692,0.45346003584454275
10693,0.6068264875024878
10694,0.41007572432472117
10695,0.5183909935870898
10696,0.015634276883939813
10697,0.5783047447722724
10698,0.2873642419046327
10699,0.0018665273445385155
10700,0.3949245357285375
10701,0.32320324598558436
10702,0.32831811926209864
10703,0.0034184124488590983
10704,0.6772019456832918
10705,0.380267586136261
10706,0.4386074557835844
10707,0.057027143467459074
10708,0.6218975979794954
10709,0.35732265545913255
10710,0.41397213474446926
10711,0.6057589532939176
10712,0.24517907311930642
10713,0.5439455531716451
10714,0.5376287820649269
10715,0.5642097994925921
10716,0.5868366708875677
10717,0.4865673817904864
10718,0.008612146068722959
10719,0.4613176592208541
10720,0.5446036829216623
10721,0.46046145409672745
10722,0.4786551682310841
10723,0.4207717525928827
10724,0.01995689054294769
10725,0.4363626325037633
10726,0.09224563412455888
10727,0.15683298851353888
10728,0.5591665401907818
10729,0.266768104142871
10730,0.011335320318044406
10731,0.5046173382573462
10732,0.5331903906794739
10733,0.546306000322819
10734,0.3629838810553374
10735,0.4058027133956674
10736,0.5637935300386205
10737,0.22937826243346426
10738,0.5524253622083309
10739,0.5538790124033612
10740,0.4149851498001901
10741,0.4293792671110307
10742,0.30745076493119505
10743,0.002651601413176108
10744,0.43960980260317406
10745,0.49715360576259204
10746,0.38692661569883147
10747,0.3669295801632896
10748,0.5472057660718028
10749,0.5506632798127044
10750,0.45043417236844696
10751,0.33827732620616824
10752,0.12625485021068839
10753,0.006434342447829033
10754,0.45704868427987555
10755,0.4500085714114399
10756,0.4391355364806643
10757,0.009940031098367608
10758,0.352585170167416
10759,0.35724007509250044
10760,0.13985234426905468
10761,0.43486979108678825
10762,0.5248519800947622
10763,0.2698603605160672
10764,0.26163894153175016
10765,0.597398183465319
10766,0.00192973964593679
10767,0.49397817603419203
10768,0.4887758497024588
10769,0.45516513974420214
10770,0.5380412421641987
10771,0.028664950602587114
10772,0.7272437685653026
10773,0.6111324118913442
10774,0.027946054278139343
10775,0.1053053965515417
10776,0.6582828244550492
10777,0.023543824456914275
10778,0.2269389821583928
10779,0.44725893067946754
10780,0.4945801445784337
10781,0.15641224324481584
10782,0.5139006730561361
10783,0.0017051584448943835
10784,0.03187920283043555
10785,0.11230176331358399
10786,0.6065824402913296
10787,0.5997293488077042
10788,0.6451265439628562
10789,0.5123948953404602
10790,0.5342861371687192
10791,0.5184371415800674
10792,0.6486421285404351
10793,0.525006523174784
10794,0.4163221416755908
10795,0.5532476639447005
10796,0.536133151228342
10797,0.7098630792525695
10798,0.505393077984706
10799,0.4600289805183523
10800,0.001560396159319466
10801,0.48051981237636876
10802,0.49536363975981146
10803,0.6957312235971268
10804,0.50842540254848
10805,0.6331850879282007
10806,0.5314081339536849
10807,0.6900763292703889
10808,0.02206598241612845
10809,0.24007895325801842
10810,0.6437219635661415
10811,0.4362746032093253
10812,0.5137596502407878
10813,0.5960857618662923
10814,0.6084184957179292
10815,0.023881930863630774
10816,0.5811994791145798
10817,0.038674752966210924
10818,0.0038588717929494143
10819,0.5565060823182106
10820,0.3433936767097875
10821,0.6410991773659216
10822,0.4361997214147335
10823,0.6467170366217156
10824,0.33251701766421815
10825,0.5412777350919794
10826,0.570568747406045
10827,0.48427454218246335
10828,0.5051161324942202
10829,0.550364266566876
10830,0.18246290342771954
10831,0.6369785862363381
10832,0.3597938596906728
10833,0.43180757898965616
10834,0.5720127690869905
10835,0.516461362326615
10836,0.6691416544255084
10837,0.6302016901926346
10838,0.5765257910840504
10839,0.39878015590440763
10840,0.6404942263944906
10841,0.36255415667006463
10842,0.4590828476287856
10843,0.004000203446755113
10844,0.005286710318566867
10845,0.45179845509802596
10846,0.3386327258589521
10847,0.5860426654351913
10848,0.6200926552934417
10849,0.020667970197053465
10850,0.0031410517370820124
10851,0.6134053525672079
10852,0.48775650966120465
10853,0.3826613342131828
10854,0.5916421314949831
10855,0.49411893803556095
10856,0.6447450562220969
10857,0.6543081992342955
10858,0.5338702177197701
10859,0.5459110144766988
10860,0.0030807268128978382
10861,0.3451016489808332
10862,0.5232772920818667
10863,0.6189522253026172
10864,0.008339580310703254
10865,0.47941379088284153
10866,0.7204867871633178
10867,0.023685265041351156
10868,0.6693264487833555
10869,0.5687566454118709
10870,0.6669450784515909
10871,0.5687492835080052
10872,0.07053310004592861
10873,0.7120105472273563
10874,0.4045077296483718
10875,0.5413813048127443
10876,0.07458350426941096
10877,0.664323938065212
10878,0.45624386879481316
10879,0.005531118334722418
10880,0.6472984550689309
10881,0.5427704181417279
10882,0.6658117245505626
10883,0.6635751618198005
10884,0.5135047350059525
10885,0.6096881653571514
10886,0.19984725394896907
10887,0.3866829207516621
10888,0.13077569129775535
10889,0.6295655943552656
10890,0.47069553940931297
10891,0.27373932141116053
10892,0.49533184621935666
10893,0.00105927400148087
10894,0.4208381164693493
10895,0.6836661189831562
10896,0.5977644191112202
10897,0.33977861661474007
10898,0.5178527805960726
10899,0.06383262322593042
10900,0.4184264550925537
10901,0.656473929615607
10902,0.5705955961741499
10903,0.5540368640940998
10904,0.6043113625981145
10905,0.4676636459600104
10906,0.6174520718249787
10907,0.482911799873744
10908,0.532582286759431
10909,0.5584550207716116
10910,0.3078433065168965
10911,0.6647782409852727
10912,0.5777588595130025
10913,0.45096205704385095
10914,0.5295391718651898
10915,0.46416230133759484
10916,0.505951422777722
10917,0.6218622954498463
10918,0.043762600209967695
10919,0.33673359192743246
10920,0.43457507534311623
10921,0.5846065236567334
10922,0.502134585196323
10923,0.0048892636145471124
10924,0.5813243716933341
10925,0.5101960275269342
10926,0.017708650348531307
10927,0.049097591533647456
10928,0.39837625855332703
10929,0.02178760182077777
10930,0.002166118812515716
10931,0.6396189760625179
10932,0.37745014696145474
10933,0.6553276748314374
10934,0.4998223848354456
10935,0.3373269457055139
10936,0.4740514196799773
10937,0.16365328805779822
10938,0.3983637495779714
10939,0.5480670500266912
10940,0.44156527236934595
10941,0.5377606517990772
10942,0.3613453360482901
10943,0.5732652301839709
10944,0.36728443515358067
10945,0.0074439580707217345
10946,0.5087448791431823
10947,0.3839123216204322
10948,0.5197857525265999
10949,0.47425375022447824
10950,0.3057783605644664
10951,0.0016381937857736784
10952,0.47999998674382205
10953,0.38222689205430116
10954,0.6396888265114935
10955,0.5544065322363807
10956,0.4162971092224813
10957,0.008457481934507571
10958,0.4403965060386248
10959,0.1915985683072533
10960,0.6303564259512664
10961,0.57970458196329
10962,0.6584495528303416
10963,0.014747945485401814
10964,0.4402084653994395
10965,0.18420093347977995
10966,0.35458567922128503
10967,0.5345760447580019
10968,0.5091245840868123
10969,0.6124333727995138
10970,0.26331802587368824
10971,0.5683869387734704
10972,0.5387734673295379
10973,0.5172844061325353
10974,0.661141092965024
10975,0.5176983012597491
10976,0.012254091018869984
10977,0.5320656924511589
10978,0.4274081802628711
10979,0.5076743463251957
10980,0.012038395072391461
10981,0.17834343880585124
10982,0.24647592028671572
10983,0.4171422547283301
10984,0.4624284129114913
10985,0.02693309808707922
10986,0.6879940491250056
10987,0.36779306640872567
10988,0.5905312763250932
10989,0.6596761568682905
10990,0.5737622309378266
10991,0.2203887676861881
10992,0.45463089094378184
10993,0.5926126940634452
10994,0.14722743108638792
10995,0.34325263869373546
10996,0.5236702681187368
10997,0.4094802558670123
10998,0.37874972876910085
10999,0.5559310221463001
